{
  "Ethernet1/1": {
    "rmse": 10.254070938773477,
    "mae": 8.755430737400145,
    "mape": 16.277315040955692,
    "test_mean": 52.36723129874501,
    "test_std": 9.755059531354949,
    "forecast_mean": 51.46830081465438,
    "forecast_std": 3.5699727886694883
  },
  "Ethernet1/2": {
    "rmse": 17.18656293306629,
    "mae": 15.1772165900729,
    "mape": 27.201855191827416,
    "test_mean": 52.58543356977713,
    "test_std": 10.024495854421684,
    "forecast_mean": 46.9112380052697,
    "forecast_std": 2.9077790776562504
  },
  "Ethernet1/3": {
    "rmse": 11.005696874295191,
    "mae": 9.396534319779114,
    "mape": 17.204690803345013,
    "test_mean": 52.35644398643996,
    "test_std": 9.922417317341178,
    "forecast_mean": 46.39360689148267,
    "forecast_std": 2.907051669365192
  },
  "Ethernet1/4": {
    "rmse": 11.624553089790425,
    "mae": 10.023399645334296,
    "mape": 18.10483047023297,
    "test_mean": 52.43726462296077,
    "test_std": 9.72224416098842,
    "forecast_mean": 44.29153605656611,
    "forecast_std": 3.1942847802727297
  }
}